施設ID, カテゴリID, カテゴリ名, 施設名, よみ, 住所, 郵便番号, 電話, FAX, メールアドレス, 緯度, 経度, URL, 最終更新日, 開館時間, 休館日, 入場料, 説明, 末尾ダミー
"17","23","救急指定病院","金沢脳神経外科病院","かなざわのうしんけいげかびょういん","野々市市郷町262-2","","076-246-5600","076-246-3914","","36.5265361300","136.5877551000","http://www.nouge.net/","1303114015","","","","脳・内・神内　",""
"19","23","救急指定病院","舩木病院","ふなきびょういん","野々市市太平寺4-71","","076-248-6686","076-248-7443","","36.5311007300","136.6067838000","","1302223363","","","","内・外・胃・肛・リハ",""
"20","23","救急指定病院","公立松任石川中央病院","まっとういしかわちゅうおうびょういん","白山市倉光3-8","","076-275-2222","076-248-3264","","36.5107721900","136.5661881000","http://www.mattohp.jp/","1179296961","","","","白山市、川北町、野々市市　医療事務組合　総合病院",""
"21","24","小児科","浅井小児科医院","あさいしょうにかいいん","野々市市本町5-2-18","","076-248-3311","076-246-0392","","36.5313907600","136.6103135000","","1179296961","","","","小",""
"22","24","小児科","清水こどもクリニック","しみずこどもくりにっく","野々市市上林4-509","","076-227-0055","076-227-0750","","36.5059434100","136.6062050000","","1179296961","","","","小　",""
"23","24","小児科","中村小児科医院","なかむらしょうにかいいん","野々市市押野6-179","","076-294-3338","076-294-4250","","36.5450894500","136.6191422000","http://homepage1.nifty.com/nakamurapc/","1179296961","","","","小　",""
"24","25","内科","池田病院","いけだびょういん","野々市市新庄2-10","","076-248-7222","076-248-7261","","36.4972044200","136.6105651000","http://www.hosphy.jp/facilities/01_ikeda.html","1179296961","","","","内　",""
"25","25","内科","押野医院","おしのいいん","野々市市押野6-160","","076-246-1411","076-246-3280","","36.5448894700","136.6188722000","","1179296961","","","","内・循・胃・神内・老　",""
"27","25","内科","金沢南クリニック","かなざわみなみくりにっく","野々市市蓮花寺町1-1","","076-227-5122","076-294-3797","","36.5306905000","136.5910752000","http://www.jintikai.com/intoroduction/","1179296961","","","","内（金沢南ケアセンター：294-3737）　",""
"28","25","内科","喜多内科医院","きたないかいいん","野々市市横宮町7-20","","076-248-0020","076-248-5165","","36.5358504200","136.6183827000","","1179296961","","","","内・小",""
"29","25","内科","熊谷クリニック","くまがいくりにっく","野々市市矢作4-1","","076-246-6800","076-294-2123","","36.5223716900","136.6086241000","","1179296961","","","","内　",""
"30","25","内科","高田内科クリニック","たかだないかくりにっく","野々市市扇が丘10-10","","076-246-3630","076-246-3647","","36.5279014600","136.6290621000","","1179296961","","","","内　",""
"31","25","内科","だいもん内科・腎透析クリニック","だいもんないかじんとうせきくりにっく","野々市市押野1-400","","076-294-0066","076-294-2330","","36.5418291400","136.6168007000","","1181457780","","","","内",""
"32","25","内科","つじ川内科クリニック","つじかわないかくりにっく","野々市市位川251","","076-294-2221","076-294-1415","","36.5238615000","136.6066942000","","1179296961","","","","内・呼・消・循　",""
"33","25","内科","とみたクリニック","とみたくりにっく","野々市市粟田3-55","","076-246-7070","076-246-7561","","36.5139726800","136.6135741000","","1179296961","","","","内・消・外・リハ　",""
"34","25","内科","ふるさわ内科クリニック","ふるさわないかくりにっく","野々市市押野2-54","","076-294-6655","076-294-6659","","36.5403198300","136.6119430000","","1179296961","","","","内・消　",""
"35","25","内科","ゆあさクリニック","ゆあさくりにっく","野々市市御経塚2-272","","076-269-8866","076-269-8313","","36.5473987900","136.5956440000","","1179296961","","","","内・呼・循・外　",""
"36","25","内科","吉光内科医院","よしみつないかいいん","野々市市田尻町2","","076-248-7788","076-248-9998","","36.5321704500","136.5973346000","","1179296961","","","","内　",""
"37","25","内科","はしもと内科クリニック","はしもとないかくりにっく","野々市市上林4-651-1","","076-227-3080","076-227-3081","","36.5043635800","136.6061651000","","1179296961","午前9時から12時30分、午後2時から6時","木曜午後、日・祝日","","内科、消化器科、呼吸器科、循環器科の診察をしています。&lt;br /&gt;地域のホームドクター的役割ができればと思います。お気軽にご相談ください。",""
"38","25","内科","森明弘クリニック","もりあきひろくりにっく","野々市市横宮町67-1　ヴィテンののいち1F","","076-294-5611","076-294-5610","","36.5355004300","136.6167028000","","1303114083","月・火・木・金は9:30~17:30。水・土は9:30~13:00。","日・祝","","内科、消化器科、外科。&lt;br /&gt;胃・大腸内視鏡検査治療を主に診療しています。ポリープは即日切除根治します。",""
"10884","25","内科","ののいちクリニック","ののいちくりにっく","野々市市北西部土地区画整理地内119街区2","","076-214-6300","076-214-6395","","36.5353424800","136.5874493000","http://www.medical-oasis.jp/nonoichi_innai/index.html","1383211436","","","","内・婦",""
"10885","25","内科","やまかわ内科クリニック","やまかわないかくりにっく","野々市市藤平田1-472","","076-246-6650","076-246-6657","","36.5171122600","136.6067183000","http://www.yamakawa-nc.com/","1383211587","","","","内・神内・消",""
"10886","25","内科","よこみやクリニック","よこみやくりにっく","野々市市横宮町86-2","","076-248-0086","076-248-0065","","36.5342950800","136.6167927000","http://www.medical-oasis.jp/nonoichi_innai/index.html","1383211667","","","","内",""
"39","26","外科","大倉外科医院","おおくらげかいいん","野々市市本町3-7-12","","076-248-3263","076-248-3264","","36.5322407400","136.6145831000","","1179296961","","","","胃・外・整・脳・リハ・肛・麻　",""
"41","26","外科","山本クリニック","やまもとくりにっく","野々市市新庄1-273","","076-246-1661","076-246-1550","","36.5019039300","136.6113148000","http://www.yama-clinic.jp/contents.html","1179296961","","","","胃・外・整・肛・内　",""
"42","26","外科","ののいち白山醫院","ののいちはくさんいいん","野々市市太平寺4-45","","076-248-2151","076-246-2137","","36.5321906100","136.6067438000","http://www5a.biglobe.ne.jp/~HakusHp/","1179296961","","","","脳・整・外・胃・内　",""
"43","26","外科","舩木病院","ふなきびょういん","野々市市太平寺4-71","","076-248-6686","076-248-7443","","36.5310307400","136.6067838000","","1302223432","","","","内・外・胃・肛・リハ",""
"10887","26","外科","御経塚クリニック","おきょうづかくりにっく","野々市市御経塚1-450","","076-246-2311","076-227-0801 ","","36.5443202200","136.5958285000","","1383211731","","","","外・呼・循・消・内",""
"10888","27","整形外科","うえの整形外科","うえのせいけいげか","野々市市藤平1-383","","076-256-3566","076-256-3577","","36.5176641000","136.6065037000","","1383211787","","",""," リウ・ リハ・ 整",""
"45","28","脳神経外科","金沢脳神経外科病院","かなざわのうしんけいげかびょういん","野々市市郷町262-2","","076-246-5600","076-246-3914","","36.5265361300","136.5877551000","http://www.nouge.net/","1303114212","","","","脳・内・神内　",""
"46","28","脳神経外科","山口脳神経クリニック","やまぐちのうしんけいくりにっく","野々市市押野6-3","","076-246-8282","076-246-8222","","36.5466492500","136.6175322000","","1179296961","","","","脳神経・神経内・心療内・リハビリ　",""
"47","29","形成外科・皮膚科","こじまクリニック","こじまくりにっく","野々市市堀内4-80","","076-246-4455","076-246-4455","","36.5310406300","136.6008543000","","1179296961","","","","形・皮・整・美　",""
"48","30","皮膚科","とりい皮膚科クリニック","とりいひふかくりにっく","野々市市白山町6-9","","076-294-7880","076-294-7891","","36.5278611700","136.6124635000","http://www.toriiclinic.com/","1303114241","","","","皮",""
"50","31","産婦人科","野々市産婦人科医院","ののいちさんふじんか","野々市市本町2-18-22","","076-248-5315","076-248-8779","","36.5315909200","136.6208027000","http://www7.ocn.ne.jp/~n2clinic/","1179296961","","","","産婦　",""
"52","31","産婦人科","深江レディースクリニック","ふかえれでぃーすくりにっく","野々市市郷町260","","076-294-3336","076-294-4052","","36.5261709500","136.5890055000","http://www.fukae.or.jp/","1179296961","","","","産婦　",""
"7435","31","産婦人科","やまぎしレディスクリニック","やまぎしれでぃすくりにっく","石川県野々市市藤平田1丁目45街区6-1","","076-287-6066","076-287-6077","","36.5203262500","136.6067371000","http://www.y-ladies.com/pc/","1247187577","","","","産婦人科疾患一般の診療を基本として、高コレステロール血症・高血圧・糖尿病などの生活習慣病、骨粗しょう症その他の内科疾患や膀胱炎などの急性疾患の診療も行っています。 基本的なことから専門的なことまで、あなたの悩みや不安を解消し、バックアップします。 どうぞお気軽にご相談・ご来院ください。",""
"53","32","耳鼻咽喉科","荒木耳鼻咽喉科クリニック","あらきじびいんこうかくりにっく","野々市市稲荷2-250-1","","076-294-1133","076-294-1133","","36.5359801200","136.6016340000","","1179296961","","","","耳・気管　",""
"54","32","耳鼻咽喉科","渡辺耳鼻咽喉科医院","わたなべじびいんこうかいいん","野々市市本町4-9-12","","076-246-3331","076-246-3387","","36.5320207000","136.6108935000","","1179296961","","","","耳　",""
"55","32","耳鼻咽喉科","ほりかわクリニック","ほりかわくりにっく","野々市市御経塚2-270","","076-240-0600","076-240-2053","","36.5476187700","136.5956440000","http://www2.spacelan.ne.jp/~horikawacl/","1179296961","","","","耳・眼　",""
"56","33","眼科","わかばやし眼科クリニック（若林眼科）","わかばやしがんかくりにっく","野々市市太平寺3-160","","076-294-0707","076-294-0711","","36.5324405700","136.6058339000","http://www.waka.or.jp/","1179296961","","","","眼",""
"57","33","眼科","やまむら眼科医院","やまむらがんかいいん","野々市市新庄5-106","","076-246-0022","076-246-0218","","36.5060534500","136.6091148000","","1179296961","","","","眼　",""
"59","34","精神科","ときわ病院","ときわびょういん","野々市市中林4-123","","076-248-5221","076-248-5223","","36.5156960000","136.5987387000","http://www.tokiwahp.or.jp/","1181458446","","","","精・神・内　",""
"60","36","保育園","中央保育園","ちゅうおうほいくえん","野々市市本町3-2-22","","076-248-0240","","","36.5329308500","136.6178066000","http://kosodate.city.nonoichi.ishikawa.jp/chuou_ho/index.html","1303116473","平日7:00~19:00、土曜7:00~18:00","","","",""
"61","36","保育園","富奥保育園","とみおくほいくえん","野々市市中林5-30","","076-248-0828","","","36.5107928600","136.6046549000","http://kosodate.city.nonoichi.ishikawa.jp/tomioku_ho/index.html","1303116486","平日7:15~19:00、土曜7:15~18:00","","","",""
"62","36","保育園","押野保育園","おしのほいくえん","野々市市押野3-115","","076-248-0343","","","36.5419597600","136.6180224000","http://kosodate.city.nonoichi.ishikawa.jp/oshino_ho/index.html","1303116502","平日7:15~19:00、土曜7:15~18:00","","","一時預かり対応",""
"63","36","保育園","御経塚保育園","おきょうづかほいくえん","野々市市御経塚1-288","","076-248-0181","","","36.5439892000","136.5984239000","http://kosodate.city.nonoichi.ishikawa.jp/okyouduka_ho/index.html","1303116517","平日7:15~19:00、土曜7:15~18:00","","","",""
"64","36","保育園","あわだ保育園","あわだほいくえん","野々市市粟田5-330","","076-246-3737","","","36.5132492700","136.6100442000","","1365984358","平日7:00~19:00、土曜7:00~18:00","","","一時預かり・病後児保育対応",""
"65","36","保育園","ほりうち保育園","ほりうちほいくえん","野々市市堀内4-160","","076-248-2320","","","36.5303122400","136.6030651000","http://www3.ocn.ne.jp/~horiuch/","1303116542","平日7:15~19:00、土曜7:15~18:00","","","一時預かり対応",""
"66","36","保育園","あすなろ保育園","あすなろほいくえん","野々市市御経塚5-30","","076-246-0211","","","36.5444192100","136.6013537000","http://kosodate.city.nonoichi.ishikawa.jp/asunaro_ho/index.html","1303116554","平日7:15~19:00、土曜7:15~18:00","","","",""
"67","36","保育園","はくさん保育園","はくさんほいくえん","野々市市白山町4-2","","076-248-4337","","","36.5263055017","136.6140139103","http://www14.plala.or.jp/hakusanhoikuen/","1384828260","平日7:15~19:00、土曜7:15~18:00","","","一時預かり対応",""
"69","36","保育園","つばき保育園","つばきほいくえん","野々市市太平寺1-302","","076-248-1155","","","36.5274211200","136.6067140000","http://www.kosodate-web.com/tsubaki/main.html","1303116576","平日7:15~19:00、土曜7:15~18:00","","","一時預かり対応",""
"6884","36","保育園","エンジェル保育園","えんじぇるほいくえん","野々市市本町6-22-1","","076-248-2888","","","36.5334093060","136.6076034307","http://www.angelhoikuen.com/","1384828785","平日7:15~19:00、土曜7:15~18:00","","","一時預かり・体調不良児対応",""
"7437","36","保育園","ふじひら保育園","ふじひらほいくえん","野々市市藤平142","","076-246-1181","","","36.5139218600","136.6047442000","","1345186062","平日7:00~19:00、土曜7:00~18:00","","","一時預かり・体調不良児対応",""
"9360","36","保育園","和光第二保育園","わこうだいにほいくえん","野々市市扇が丘15-5","","076-248-6250","","","36.5279155534","136.6224145889","http://www.wakohoikuen.or.jp/","1411720182","平日7:00~19:00、土曜7:00~18:00","","","休日保育あり（在園児のみ）&lt;br /&gt;平成27年度より認定こども園へ移行予定",""
"9361","36","保育園","アリス保育園","ありすほいくえん","野々市市二日市町65街区2番","","076-294-2525","","","36.5372066400","136.5940636000","http://www.alice-japan.net/alicehoiku/","1345186076","平日7:00~19:00、土曜7:00~18:00","","","一時預かり対応。休日保育あり（在園児のみ）",""
"10880","37","児童館、放課後児童クラブ","あわだ児童クラブ","あわだじどうくらぶ","野々市市粟田5-333","","076-294-2552","","","36.5133311900","136.6099584000","","1383211059","","","","学童クラブ。学校区：富陽",""
"10881","37","児童館、放課後児童クラブ","カメリアクラブ","かめりあくらぶ","野々市市二日市町65街区1番","","076-248-2111","","","36.5376182600","136.5937471000","","1383211112","","","","つばきの郷児童館と同じ住所。学童クラブ。学校区：御園・野々市",""
"70","37","児童館、放課後児童クラブ","中央児童館","ちゅうおうじどうかん","野々市市矢作3-1-2","","076-248-5325","","","36.5235716200","136.6118438000","http://kosodate.city.nonoichi.ishikawa.jp/chuou_c/index.htm","1345192714","3月~10月は10:00~18:00　11月~2月は9:30~17:30　 ","第1.3.5日曜・第2.4月曜・祝日・年末年始","","",""
"71","37","児童館、放課後児童クラブ","本町児童館","ほんまちじどうかん","野々市市本町3-10-12","","076-246-3881","","","36.5320508100","136.6173929000","http://kosodate.city.nonoichi.ishikawa.jp/honmachi_c/index.htm","1345192703","3月~10月は10:00~18:00　11月~2月は9:30~17:30　","日曜・祝日・年末年始","","",""
"72","37","児童館、放課後児童クラブ","押野児童館","おしのじどうかん","野々市市押野3-115","","076-248-9666","","","36.5419097700","136.6180224000","http://kosodate.city.nonoichi.ishikawa.jp/oshino_c/index.htm","1345192691","3月~10月は10:00~18:00　11月~2月は9:30~17:30","日曜・祝日・年末年始","","",""
"9011","37","児童館、放課後児童クラブ","ふじひら児童館","ふじひらじどうかん","野々市市藤平146","","076-214-6125","","","36.5131932200","136.6046369000","","1345186144","9:00~18:00","毎週日曜日、祝日、お盆(8/14〜16)、年末年始(12/30〜1/3)","","ふじひらクラブと同じ住所",""
"10198","37","児童館、放課後児童クラブ","つばきの郷児童館","つばきのさとじどうかん","野々市市二日市町65街区１番","","076-248-2111","","","36.5373662000","136.5938614000","http://alice-japan.net/wp/jidoukan/","1345186351","9:00~18:00","毎週日曜日、国民の祝日、お盆休み、年末年始(12/29?1/3)","","",""
"9756","37","児童館、放課後児童クラブ","第１すがはらクラブ・第２すがはらクラブ","だいいちすがはらくらぶ・だいにすがはらくらぶ","野々市市菅原町8-33","","076-294-1919","","","36.5285511700","136.6161832000","","1345186369","","","","学童クラブ。学校区：菅原。子育て支援センター菅原内",""
"9757","37","児童館、放課後児童クラブ","こうさぎクラブ","こうさぎくらぶ","野々市市中林1-2-7","","076-248-7800","","","36.5106629000","136.6061248000","","1345186377","","","","学童クラブ。学校区：富陽",""
"9758","37","児童館、放課後児童クラブ","第１きのこクラブ・第２きのこクラブ","だいいちきのこくらぶ・だいにきのこくらぶ","野々市市本町6-8-42","","076-248-5120","","","36.5353702600","136.6059537000","","1345186383","","","","学童クラブ。学校区御園。旧JAマートののいち",""
"9759","37","児童館、放課後児童クラブ","第1つばきクラブ・第2つばきクラブ","だいいちつばきくらぶ・だいにつばきくらぶ","野々市市本町4-21-17","","076-248-8241","","","36.5307993400","136.6107711000","","1345186389","","","","学童クラブ。学校区：野々市",""
"9760","37","児童館、放課後児童クラブ","第１たちのクラブ・第２たちのクラブ","だいいちたちのくらぶ・だいにたちのくらぶ","野々市市押野1-10-1","","076-294-7011","","","36.5434395000","136.6120728000","","1345186397","","","","学童クラブ。学校区館野。旧JA押野支所 （第１）076-294-7011　（第２）076-229-7554",""
"9012","37","児童館、放課後児童クラブ","ふじひら児童クラブ","ふじひらじどうくらぶ","野々市市藤平146","","076-246-1144","","","36.5131975300","136.6046476000","","1345186403","","","","ふじひら児童館と同じ住所",""
"79","38","福祉施設","デイサービスセンター","でいさーびすせんたー","野々市市矢作3-3","","076-248-9900","076-248-9901","","36.5234516400","136.6122537000","","1303116790","9:00~16:00
・延長希望がある場合は(7:30~18:00)","日・年末年始　","","（追加、修正した場合は、赤で表示する）",""
"80","38","福祉施設","いきがいセンター矢作","いきがいせんたーやはぎ","野々市市矢作3-2-10","","076-246-2007","076-246-2004","","36.5234116400","136.6120738000","","1303116799","9:00~16:00","土・日・祝・年末年始","800円","",""
"81","38","福祉施設","いきがいセンター御経塚","いきがいせんたーおきょうづか","野々市市御経塚1-38","","076-248-2231","076-248-2441","","36.5429393300","136.5993939000","","1303116809","9:00~16:00　","土・日・祝・年末年始","800円","",""
"82","38","福祉施設","野々市市社会福祉協議会","ののいちししゃかいふくしきょうぎかい","野々市市本町5-18-5","","076-246-0112","076-246-0169","","36.5274711600","136.6092538000","http://nonoichi-shakyo.jp/","1303116824","8：30〜17：15　","土・日・祝・年末年始","","相談用248-8210",""
"89","38","福祉施設","野々市市地域包括支援センター（市役所内）","ののいちしちいきほうかつしえんせんたー","野々市市三納1-1","","076-227-6067","076-227-6252","","36.5194020300","136.6096641000","","1320647538","8:30~17:15
・電話相談は24時間対応","土・日・祝・年末年始","","",""
"90","38","福祉施設","野々市富樫苑地域相談センター","ののいちとがしえんちいきそうだんせんたー","野々市市中林4-62","","076-248-8474","076-248-8766","","36.5160722200","136.6000651000","","1185856061","8:30~17:15　 ","土・日・祝・年末年始","","特別養護老人ホーム富樫苑内 地域に住む高齢者の病気や介護、介護予防に関する相談を受け付けています。 【担当地域】　住吉町、白山町、中林、下林、位川、清金、太平寺、稲荷、堀内",""
"91","38","福祉施設","野々市南ケア地域相談センター","ののいちみなみけあちいきそうだんせんたー","野々市市蓮花寺町1-1","","076-294-6547","076-294-3797","","36.5305205200","136.5910752000","","1185856082","8:30~17:15　 ","土・日・祝・年末年始","","老人保健施設金沢南ケアセンター内 地域に住む高齢者の病気や介護、介護予防に関する相談を受け付けています。 【担当地域】若松町、田尻町、三日市町、二日市町、徳用町、郷町、蓮花寺町、柳町、長池町、押野、押越、野代、御経塚",""
"92","38","福祉施設","野々市かんじん地域相談センター","ののいちかんじんちいきそうだんせんたー","野々市市新庄2-45","","076-248-7770","076-248-7737","","36.4968244600","136.6102451000","","1185633108","8:30~17:15　 ","土・日・祝・年末年始","","介護老人福祉施設かんじん内 地域に住む高齢者の病気や介護、介護予防に関する相談を受け付けています。 【担当地域】菅原町、上林、新庄、粟田、藤平田、藤平、末松",""
"94","38","福祉施設","地域活動支援センターののいち","ちいきかつどうしえんせんたーののいち","野々市市中林4-120","","076-248-6565","076-248-6567","","36.5160422100","136.5993551000","http://www.tokiwahp.or.jp/","1303116967","9時〜17時　　","日曜・祝日・年末年始","","精神科へ通院される方やその家族を支援する施設です。 相談・日常生活の支援・情報提供・場の提供を行っています。月に一度喫茶店も開いていますので気軽にお立ち寄りください。",""
"95","38","福祉施設","老人福祉センター椿荘","ろうじんふくしせんたーつばきそう","野々市市矢作3-1-2","","076-246-5570","","","36.5232716500","136.6114138000","","1303116996","9:00~17:00","第1,3,5日曜・第2,4月曜・敬老の日を除く祝・8/15・年末年始","","送迎バス有り（木・土はバス・風呂休み）",""
"7439","38","福祉施設","シルバー人材センター","しるばーじんざいせんたー","野々市市白山町8-15","","076-294-8303","076-246-7067","","36.5285810800","136.6111644000","","1303117034","8:30~17:15　","土・日・祝・年末年始","","",""
"10875","38","福祉施設","野々市社協地域相談センター","ののいちしゃきょうちいきそうだんせんたー","野々市市矢作3-1-2","","076-246-5616","076-246-6271","","36.5234040000","136.6115348000","","1383210528","8:30〜17:15","土・日・祝・年末年始","","老人福祉センター椿荘内&lt;br /&gt;地域に住む高齢者の病気や介護、介護予防に関する相談を受け付けています。&lt;br /&gt;【担当地域】本町、矢作、三納、横宮町、高橋町、扇が丘",""
"10876","38","福祉施設","相談支援事業所ののいち","そうだんしえんじぎょうしょののいち","野々市市中林４−１２０","","076-248-6565","076-248-6567","","36.5160299000","136.5992526000","","1383210647","9時〜17時","日曜・祝日・年末年始","","障害のある方や家族からの相談を受け付けています。",""
"10877","38","福祉施設","相談支援事業所CoCoa","そうだんしえんじぎょうしょここあ","","","076-294-3634","076-294-3635","","36.5264520700","136.6262542000","","1383210783","10時〜18時","日曜・祝日・年末年始・盆休","","障害のある方や家族からの相談を受け付けています。",""
"10878","38","福祉施設","ライフサポートそれいゆ","らいふさぽーとそれいゆ","野々市市藤平田２−１１３−１−１０１","","076-227-8950","076-227-8951","","36.5230508100","136.6067022000","","1384839652","8時30分〜17時","日曜・祝日・年末年始・盆休","","障害のある方や家族からの相談を受け付けています。",""
"10879","38","福祉施設","福祉事務所","ふくしじむしょ","野々市市三納１丁目１","","076-227-0294","","","36.5193540900","136.6099799000","","1383210991","8:30〜17:15","土、日、祝、年末年始","","福祉総務課内",""
"10882","39","子育て支援施設","ファミリー・サポートセンター","ふぁみりー・さぽーとせんたー","野々市市菅原8-33","","076-248-4634","","","36.5285233600","136.6161248000","","1383211164","","","","子育て支援センター菅原と同じ住所。子育て相互援助組織。",""
"10883","39","子育て支援施設","ポニー・ポッシュ","ぽにー・ぽっしゅ","野々市市横宮町16-9","","076-248-7780","","","36.5339631900","136.6166747000","","1383211218","","","","病児保育施設。詳細については直接施設にお問い合わせください。",""
"98","39","子育て支援施設","子育て支援センター菅原","こそだてしえんせんたーすがはら","野々市市菅原8-33","","076-248-4634","","","36.5285111700","136.6161832000","http://kosodate.town.nonoichi.ishikawa.jp/sugahara_ho/index.html","1345186412","","","","子育て支援ひろば。一時預かり、病後児保育対応",""
"99","39","子育て支援施設","子育て支援センターはくさん","こそだてしえんせんたーはくさん","野々市市白山4-2","","076-248-4337","","","36.5262013800","136.6139735000","","1345186424","","","","子育て支援ひろば",""
"6882","39","子育て支援施設","子育て支援センターエンジェル","こそだてしえんせんたーえんじぇる","野々市市本町6-22-1","","076-248-2888","","","36.5333705127","136.6076087952","","1384829382","","","","子育て支援ひろば",""
"7438","39","子育て支援施設","子育て支援センターふじひら","こそだてしえんせんたーふじひら","野々市市藤平142","","076-246-1181","","","36.5139369500","136.6047361000","","1345186439","","","","子育て支援ひろば",""
"9816","39","子育て支援施設","子育て支援センター和光","こそだてしえんせんたーわこう","野々市市扇が丘18-13","","076-272-8405","","","36.5270175000","136.6229421000","","1345186454","","","","子育て支援ひろば。一時預かり対応",""
"9817","39","子育て支援施設","子育て支援センターアリス","こそだてしえんせんたーありす","野々市市二日市町65街区2番","","076-294-2525","","","36.5372605194","136.5938651562","","1384829435","","","","子育て支援ひろば",""
"100","41","文化・教養施設","交遊舎","こうゆうしゃ","野々市市二日市1-2","","076-294-8166","","","36.5423893800","136.5986340000","","1303117570","9:00~22:00　","第2.4水・祝日にあたる時はその翌日、年末年始","","",""
"102","41","文化・教養施設","女性センター","じょせいせんたー","野々市市稲荷4-155","","076-246-0810","076-246-6722","","36.5367700900","136.6047937000","http://www.city.nonoichi.lg.jp/syogaigakusyu/jyoseisen_2_2_2.html","1303117589","9:00~22:00　 ","毎週月・祝・年末年始","","",""
"104","41","文化・教養施設","ふるさと歴史館・埋蔵文化財収蔵庫","ふるさとれきしかんまいぞうぶんかざいしゅうぞうこ","野々市市御経塚1-182","","076-246-0133","076-294-1816","","36.5459090200","136.5997537000","","1303117635","10:00~16:00　","毎週月・祝翌日・年末年始","","",""
"105","41","文化・教養施設","郷土資料館","きょうどしりょうかん","野々市市本町3-19-24","","076-246-2672","076-246-2672","","36.5318407900","136.6149231000","","1303117648","10:00~18:00　","毎週月・祝翌日・年末年始","","",""
"106","41","文化・教養施設","文化会館（フォルテ）","ぶんかかいかんふぉるて","野々市市本町5-4-1","","076-248-8000","076-246-2391","","36.5320106500","136.6078137000","http://forte.nono1.jp/","1384752642","9:00~22:00・受付時間は9:00~17:00","第1.3水曜（祝は翌日）、年末年始 ","使用する施設・時間帯により異なります。詳しくは文化会館フォルテまでお問い合わせください。","公立文化施設&lt;br /&gt;指定管理者：（公財）野々市市情報文化振興財団&lt;br /&gt;コンサート・演劇などの自主事業やホール・会議室などの貸館業務を行っています。",""
"107","42","地域型情報交換場所","野々市市教育センター","ののいちしきょういくせんたー","野々市市本町4-21-27","","076-248-8456","076-248-1931","","36.5299409200","136.6106836000","","1303117683","8：30〜17：15","土・日・祝・年末年始　","","不登校・いじめ・その他教育上の問題全般の相談に応じます。相談のある方は事前に電話連絡願います。",""
"108","42","地域型情報交換場所","中央公民館（野々市公民館）","ちゅうおうこうみんかんののいちこみんかん","野々市市本町2-1-20","","076-248-0521","076-248-3649","","36.5326485200","136.6184986000","http://www.city.nonoichi.lg.jp/syogaigakusyu/tyuoukouminkan.html","1383214016","9:00~22:00　","毎週月・祝・年末年始","","",""
"110","42","地域型情報交換場所","郷公民館","ごうこうみんかん","野々市市田尻町94","","076-248-0250","076-248-0250","","36.5319904500","136.5960247000","http://www.city.nonoichi.lg.jp/syogaigakusyu/goukouminkan_2.html","1303117715","9:00~22:00　","毎週月・祝・年末年始","","",""
"111","42","地域型情報交換場所","押野公民館","おしのこうみんかん","野々市市押野3-70","","076-248-2839","076-248-2839","","36.5408198600","136.6164026000","http://www.city.nonoichi.lg.jp/syogaigakusyu/osinokouminkan_2_2.html","1303117726","9:00~22:00　","毎週月・祝・年末年始","","",""
"112","42","地域型情報交換場所","情報交流館（カメリア）","じょうほうこうりゅうかんかめりあ","石川県野々市市三納1丁目1番地","","076-227-6200","076-227-6205","","36.5193420400","136.6096741000","http://camellia.nono1.jp/","1320647475","9:00~22:00　","毎月第2・4水、8/13〜8/17、年末年始","","",""
"114","43","図書館","市立図書館","しりつとしょかん","野々市市本町2-14-6","","076-248-8099","076-248-8175","","36.5323308000","136.6184028000","http://www.city.nonoichi.lg.jp/library/top.html","1320646624","10：00~19：00
・土、日は17：00まで　","毎週月・祝・年末年始　","","",""
"115","44","スポーツ施設","市民体育館","しみんたいいくかん","野々市市下林3-97","","076-248-1223","076-248-1254","","36.5257411800","136.5995247000","","1303117834","月13:00~22:00
火~土9:00~22:00
日・祝9:00~18:00","毎週月9:00〜13:00
年末年始","http://shisetsu.nonoichi.e-rev.jp/index.jsp?rd=/inf/infplace.jsp&place=13","バスケットボール・卓球・バドミントンほか",""
"116","44","スポーツ施設","スポーツランド","すぽーつらんど","野々市市中林5-1-1","","076-294-5800","076-294-5801","","36.5125127000","136.6060148000","","1383445052","●プール　月~土10:00~21:00日・祝10:00~17:00●テニスコート月~土日の出~21:00日・祝日の出~日没※夜間照明は4月から10月まで●さわやかホール月~土9:00~21:00日・祝9:00~17:00","毎週火・年末年始","●プールhttp://www.city.nonoichi.lg.jp/sportsshinko/supo-turanndopu-ru.html●テニスコートhttp://shisetsu.nonoichi.e-rev.jp/index.jsp?rd=/inf/infplace.jsp&place=8●さわやかホールhttp://www.city.nonoichi.lg.jp/sportsshinko/supo-turanndosawayakaho-ru.html","プール・テニスコート・ゲートボール場",""
"117","44","スポーツ施設","スポーツセンター","すぽーつせんたー","野々市市押野2-30","","076-294-5511","076-294-5811","","36.5407397900","136.6121729000","","1383445039","月・水~土9:00~22:00火13:00~22:00日・祝9:00~18:00","毎週火9:00〜13:00年末年始","http://shisetsu.nonoichi.e-rev.jp/index.jsp?rd=/inf/infplace.jsp&place=14","バスケットボール・卓球・バドミントンほか",""
"118","44","スポーツ施設","市民野球場","しみんやきゅうじょう","野々市市下林3-97","","076-248-1223","","","36.5237713800","136.5989648000","","1383445218","月~土日の出~21:00日・祝日の出~日没　※夜間照明は4月から10月まで","年末年始","http://shisetsu.nonoichi.e-rev.jp/index.jsp?rd=/inf/infplace.jsp&place=12","野球・投球練習場",""
"119","44","スポーツ施設","武道館","ぶどうかん","野々市市位川183","","076-248-1223","","","36.5251713900","136.6080240000","","1320224528","月~土9:00~21:30
日・祝9:00~17:00","年末年始","","連絡先は市民体育館&lt;br /&gt;柔道・剣道",""
"121","44","スポーツ施設","弓道場","きゅうどうじょう","野々市市太平寺3-126-1","","076-248-1223","","","36.5316306300","136.6042840000","","1320224542","月~土9:00~21:00
日・祝9:00~17:00","年末年始","","連絡先は市民体育館",""
"122","44","スポーツ施設","健康広場","けんこうひろば","野々市市上林1-180","","","","","36.4994839700","136.5986860000","","1303118061","日の出~日没","年末年始","http://shisetsu.nonoichi.e-rev.jp/index.jsp?rd=/inf/infplace.jsp&place=9","ソフトボール・ジュニアサッカー",""
"123","44","スポーツ施設","中央公園テニスコート・運動広場","ちゅうおうこうえんてにすこーど・うんどうひろば","野々市市下林3-97","","076-248-1223","","","36.5252512300","136.5995747000","","1383445162","月~土:日の出~21:00日・祝:日の出~日没※夜間照明は4月から10月まで","年末年始","●中央公園テニスコートhttp://shisetsu.nonoichi.e-rev.jp/index.jsp?rd=/inf/infplace.jsp&place=7●運動広場http://shisetsu.nonoichi.e-rev.jp/index.jsp?rd=/inf/infplace.jsp&place=10","ソフトボール・テニス",""
"124","44","スポーツ施設","押野中央公園運動広場","おしのちゅうおうこうえんうんどうひろば","野々市市押野1-339","","","","","36.5440895200","136.6170624000","","1383445107","日の出~日没","年末年始","http://shisetsu.nonoichi.e-rev.jp/index.jsp?rd=/inf/infplace.jsp&place=11","ソフトボール",""
"125","46","幼稚園","北陸学院短期大学附属扇が丘幼稚園","ほくりくがくいんたんきだいがくぐぞくおおぎがおかようちえん","野々市市本町5丁目6番23号","","076-248-1501","076-248-1919　","","36.5309707800","136.6086537000","http://www.hokurikugakuin.ac.jp/kindergarten/fuzoku.htm","1303170654","","","","",""
"126","46","幼稚園","学校法人青竜幼稚園青竜第二幼稚園","がっこうほうじんせいりゅうようちえんせいりゅうだいにようちえん","野々市市上林3丁目167番地","","076-248-5656　","076-248-7654","","36.5013638400","136.6027255000","http://www.seiryu.ed.jp/","1303170698","","","","",""
"127","47","小学校","野々市小学校","ののいちしょうがっこう","野々市市本町5-3-1","","076-248-0084","076-294-2510","","36.5319906800","136.6092836000","http://education.city.nonoichi.ishikawa.jp/nonoichisyo/","1183949405","","","","",""
"128","47","小学校","御園小学校","みそのしょうがっこう","野々市市稲荷4-128","","076-248-3201","076-294-5463","","36.5377199800","136.6045637000","http://education.city.nonoichi.ishikawa.jp/misonosyo/","1179296985","","","","",""
"129","47","小学校","菅原小学校","すがはらしょうがっこう","野々市市菅原20-1","","076-246-6066","076-294-2512","","36.5254414900","136.6159433000","http://education.city.nonoichi.ishikawa.jp/sugaharasyo/","1179296985","","","","",""
"130","47","小学校","富陽小学校","ふようしょうがっこう","野々市市中林5-70","","076-246-4380","076-294-5449","","36.5131326000","136.6040249000","http://education.city.nonoichi.ishikawa.jp/fuyousyo/","1179296985","","","","",""
"131","47","小学校","館野小学校","たちのしょうがっこう","野々市市押野3-71","","076-248-0622","076-294-2518","","36.5406698900","136.6171825000","http://education.city.nonoichi.ishikawa.jp/tachinosyo/","1179296985","","","","",""
"132","48","中学校","野々市中学校","ののいちちゅうがっこう","野々市市三納3-1","","076-246-0115","076-294-5427","","36.5246814400","136.6084340000","http://education.city.nonoichi.ishikawa.jp/nonoichityu/","1179296985","","","","",""
"133","48","中学校","布水中学校","ふすいちゅうがっこう","野々市市押野2-100","","076-248-0039","076-294-5419","","36.5388899900","136.6124430000","http://education.city.nonoichi.ishikawa.jp/fusuityu/","1179296985","","","","",""
"134","49","高等学校","野々市明倫高校","ののいちめいりんこうこう","野々市市下林3-309","","076-246-3191","076-294-2869","","36.5253412400","136.6009546000","http://www.ishikawa-c.ed.jp/~meirih/","1303170751","","","","",""
"135","49","高等学校","金沢工業高等専門学校","かなざわこうぎょうこうとうせんもんがっこう","金沢市久安2-270　（野々市市高橋町）","","076-248-1080","076-248-5548","","36.5325809600","136.6293319000","http://www.kanazawa-tc.ac.jp/","1303170763","","","","私立の高専（5学年制。金沢工業大学系列）。金沢市と野々市市に渡って敷地を所有。登録住所は金沢市。",""
"136","50","大学","金沢工業大学","かなざわこうぎょうだいがく","野々市市扇が丘7-1","","076-248-1100","076-248-7318","","36.5305811500","136.6276621000","http://www.kanazawa-it.ac.jp/","1182931607","","","","",""
"137","50","大学","石川県立大学","いしかわけんりつだいがく","野々市市末松1-308","","076-227-7220","076-227-7410","","36.5071231200","136.5966558000","http://www.ishikawa-pu.ac.jp/","1303170785","","","","",""
"138","50","大学","放送大学石川学習センター","ほうそうだいがくいしかわがくしゅうせんたー","野々市市扇が丘7-1","","076-246-4029","","","36.5298712500","136.6291520000","http://www.sc.ouj.ac.jp/center/ishikawa/","1179296985","","","","金沢工業大学構内にあります。",""
"140","51","その他の学校","石川県立明和特別支援学校","いしかわけんりつめいわとくべつしえんかっごう","野々市市中林4-70","","076-246-1133","076-294-2879","","36.5151523300","136.6007251000","http://www.ishikawa-c.ed.jp/~meiwas/","1303170807","","","","",""
"141","51","その他の学校","石川障害者職業能力開発校","いしかわしょうがいしゃしょくぎょうのうりょくかいはつこう","野々市市末松2-245","","076-248-2235","076-248-2236","","36.5070930100","136.5902563000","http://www.pref.ishikawa.lg.jp/syonou/","1303170819","","","","",""
"142","52","学校施設","学校給食センター","がっこうきゅうしょくせんたー","野々市市太平寺3-126-1","","076-246-3066","076-246-7667","","36.5314006600","136.6046140000","","1303117809","8:30~17:15 ","土・日・祝・年末年始","","",""
"143","53","歯科","あらもと歯科医院","あらもとしかいいん","野々市市扇が丘10-29","","076-248-6572","","","36.5279814500","136.6288122000","http://www.aramoto-dc.com/","1179296985","","","","診療科目歯科、矯正歯科",""
"144","53","歯科","江尻歯科医院","えじりしかいいん","野々市市稲荷4-149","","076-294-1119","076-294-1119","","36.5366900700","136.6034639000","http://homepage2.nifty.com/ejirishika/","1303114339","9:30~13:00 14:00~18:30（土曜16:30まで）","日曜、祝日、木曜午後","","",""
"146","53","歯科","北川歯科クリニック","きたがわしかくりにっく","野々市市菅原町14-17","","076-248-6691","076-248-6692","","36.5275312800","136.6166832000","http://www.kitagawa-dental.com","1303114376","9:00~12:30 2:30~6:30","日・祝及び水・土の午後","","",""
"147","53","歯科","ぎゃくし歯科医院","ぎゃくししかいいん","野々市市新庄6-408","","076-294-8841","076-294-8840","","36.5082132000","136.6080248000","","1179296985","","","","歯周治療、小児歯科など、喜んでいただけるような治療を目指し頑張っています。",""
"148","53","歯科","こばやし歯科","こばやししか","野々市市堀内5-195","","076-246-4607","076-248-5880","","36.5322304500","136.5977745000","","1303114392","平日：9:00~18:00（土曜：9:00~17:00）　","木曜午後、日曜、祭日","","訪問診療もしています。",""
"149","53","歯科","たまい歯科クリニック","たまいしかくりにっく","野々市市横宮町67-1（ヴィテン内）","","076-294-7113","076-294-7114","","36.5353604500","136.6166128000","http://tamai.dental.ftw.jp/","1303114416","月~金：10:00~13:00 14:30~19:00（土：10:00~13:00）","土午後・日曜・祝日　","","初めての方はお電話にて予約頂けますとスムーズに診療できます。ヴィテン会員でなくても診療致しております。",""
"150","53","歯科","にしぐち歯科医院","にしぐちしかいいん","野々市市若松町22-15","","076-294-3456","076-294-3457","","36.5335606000","136.6144431000","http://www.west-dent.com/","1303114437","月~金：9:00~13:00 14:30~18:30（土：9:00~13:00）","日曜・祝日・土曜午後","","",""
"151","53","歯科","ののいち歯科クリニック","ののいちしかくりにっく","野々市市本町3-9-12","","076-248-3500","076-248-3500","","36.5319608100","136.6166130000","http://www.nonoden.jp/","1303114458","9:30~13:00 14:30~18:30（土：9:30~13:00 14:00~17:00）　","木曜・日曜・祝日","","",""
"152","53","歯科","はせがわ歯科・矯正歯科","はせがわしかきょうせいしか","野々市市押越1-502","","076-246-8855","076-246-8856","","36.5399398700","136.6115030000","","1179296985","","","","",""
"153","53","歯科","平田歯科医院","ひらたしかいいん","野々市市本町6-22-4","","076-248-3788","","","36.5337004800","136.6081636000","http://h-neophile.com/","1179296985","通常は夜７時まで。土曜日は５時まで","木曜日の午後、日祝","","歯周病の治療・予防・管理やフッ素を用いた虫歯予防を中心に診療。",""
"154","53","歯科","ヴィ歯科医院","ぶぃしかいいん","野々市市御経塚1-64","","076-248-1186","076-248-6983","","36.5442991800","136.5990239000","http://v-dentalclinic.com/","1303114487","9:30~13:00 14:30~19:00（土曜は17:00まで）　","木曜・日曜・祝日","","",""
"155","53","歯科","ふじい歯科クリニック","ふじいしかくりにっく","野々市市御経塚2-91（イオン内）","","076-269-8148","076-269-8148","","36.5486287100","136.5983537000","http://www.fujii-sika.com/","1320647453","","","","",""
"156","53","歯科","ふじた歯科クリニック","ふじたしかくりにっく","野々市市下林4-565-2","","076-294-8484","","","36.5231015700","136.6060743000","","1179296985","","","","",""
"157","53","歯科","まいずみ矯正歯科","まいずみきょうせいしか","野々市市稲荷2-51（1F)","","076-294-8211","076-294-8212","","36.5326605000","136.6033541000","http://www.kyousei.com/ortho/main.html","1303114519","水~土：10:00~19:00
日：10:00~18:00","月曜、火曜","","矯正専門クリニック（虫歯治療は行っておりません）小児矯正・成人矯正・外科矯正・予防歯科　",""
"158","53","歯科","真舘歯科医院","まだちしかいいん","野々市市御経塚5-51","","076-246-4273","076-246-1306","","36.5462290200","136.6013536000","","1303114540","9:00~12:30 14:00~19:00（土曜：9:00~12:30 13:00~17:00）","日祭日および木曜日　","","歯科・口腔外科・小児歯科。",""
"159","53","歯科","むらた歯科","むらたしか","野々市市新庄3-131-1","","076-248-9876","076-248-9874","","36.5052536000","136.6126045000","","1303114555","平日：9:00~18:00（土曜：9:00~16:00）。","木曜・日曜・祝日","","診療科目歯科、矯正歯科",""
"160","53","歯科","矢原歯科医院","やはらしかいいん","野々市市本町5-2-15","","076-246-5960","076-246-5961","","36.5315607400","136.6104235000","http://www.yahara-dental.com/","1303114579","月~金：9:00~12:00 15:00~19:00（土：9:00~13:00 14:00~19:00）","","","祝日も診療してます。　予約制（TEL可）。歯周病に真剣に取り組んでいます。外科関係も得意です。",""
"161","53","歯科","山本歯科クリニック","やまもとしかくりにっく","野々市市新庄1-274","","076-248-4100","076-246-1550","","36.5019039300","136.6114948000","http://www.yama-clinic.jp/d-contents.html","1303114604","平日：9:00~12:30、14:00~18:00（土曜：9:00~12:30、13:30~15:00）　","木曜午後・日曜・祝日","","（予約制）歯科、小児歯科、矯正",""
"162","53","歯科","扇が丘歯科医院","おおぎがおかしかいいん","野々市市扇が丘扇が丘19-36 ","","076-248-0418","076-248-0460","","36.5263415300","136.6235427000","","1179296985","","","","保険診療を中心に虫歯予防や歯周病の予防に取り組んでいます。歯石取りは美容院感覚でお越し下さい。",""
"10889","53","歯科","牛村歯科医院","うしむらしかいいん","野々市市稲荷2-2-51","","076-248-2311","","","36.5326312800","136.6033816000","","1383211840","","","","歯科・矯正歯科・小児歯科",""
"10890","53","歯科","かわはら歯科医院","かわはらしかいいん","野々市市藤平田1-466","","076-227-0303","","","36.5171295100","136.6075766000","http://kawaharadc.com/","1383211929","","","","歯科・矯正歯科",""
"10891","53","歯科","松原歯科医院","まつばらしかいいん","野々市市粟田5-92-7","","076-246-7713","","","36.5135683200","136.6097653000","http://www.matsubara-do.com/office.html","1383212023","","","","歯科・矯正歯科・小児歯科",""
"164","54","水道関係施設","東部浄水場","とうぶじょうすいじょう","野々市市高橋町3-33","","","","","36.5325008600","136.6226025000","","1179296985","","","","",""
"165","54","水道関係施設","南部浄水場","なんぶじょうすいじょう","野々市市新庄2-22-1","","","","","36.4975443800","136.6101051000","","1179296985","","","","",""
"189","56","投票所","中央公民館","ちゅうおうこうみんかん","野々市市本町2-1-20","","","","","36.5327207600","136.6184228000","","1303170962","","","","本町1~3丁目、若松町、横宮町",""
"190","56","投票所","菅原小学校","すがはらしょうがっこう","野々市市菅原町20-1","","","","","36.5253215100","136.6159633000","","1303170972","","","","高橋町、扇が丘、住吉町、菅原町",""
"191","56","投票所","野々市小学校","ののいちしょうがっこう","野々市市本町5-3-1","","","","","36.5319243700","136.6097331000","","1303170991","","","","本町4~5丁目、太平寺1~4丁目、白山町",""
"7756","56","投票所","保健センター","ほけんせんたー","野々市市三納3-128","","","","","36.5238115800","136.6108138000","","1303171011","","","","三納1〜3丁目、位川、藤平田1~2丁目、下林1~4丁目、矢作1~4丁目",""
"195","56","投票所","郷公民館","ごうこうみんかん","野々市市田尻町94","","","","","36.5319304500","136.5960247000","","1303171072","","","","堀内1~5丁目、田尻町、三日市町、徳用町、郷町、柳町、蓮花寺町",""
"196","56","投票所","御経塚保育園","おきょうづかほいくえん","野々市市御経塚1-288","","","","","36.5439292100","136.5984339000","","1303171102","","","","二日市町、二日市1丁目、長池、御経塚1~5丁目",""
"197","56","投票所","押野公民館","おしのこうみんかん","野々市市押野3-70","","","","","36.5407598600","136.6164126000","","1303171118","","","","押野1~7丁目",""
"198","56","投票所","女性センター","じょせいせんたー","野々市市稲荷4-155","","","","","36.5366701000","136.6047937000","","1367474268","","","","本町6丁目、稲荷1~4丁目、野代1~3丁目、押越1~2丁目",""
"199","57","都市公園","新庄東公園","しんじょうひがしこうえん","新庄1丁目245","","","","","36.4998241600","136.6117649000","","1179296985","","","","",""
"200","57","都市公園","新庄西公園","しんじょうにしこうえん","新庄2丁目161","","","","","36.5002140800","136.6092451000","","1179296985","","","","",""
"201","57","都市公園","新庄すみれ公園","しんじょうすみれこうえん","新庄3丁目199","","","","","36.5037337100","136.6099848000","","1179296985","","","","",""
"202","57","都市公園","新庄花の木台公園","しんじょうはなのきだいこうえん","新庄4丁目7-1","","","","","36.5061635100","136.6134144000","","1179296985","","","","",""
"203","57","都市公園","新庄ひばり公園","しんじょうひばりこうえん","新庄5丁目101","","","","","36.5072533400","136.6103746000","","1179296985","","","","",""
"204","57","都市公園","新庄1号緑地","しんじょういちごうりょくち","新庄4丁目191","","","","","36.5081432900","136.6128544000","","1303171223","","","","",""
"205","57","都市公園","粟田中央公園","あわだちゅうおうこうえん","粟田1丁目144","","","","","36.5098131100","136.6128543000","","1179296985","","","","",""
"206","57","都市公園","粟田1号緑地","あわだいちごうりょくち","粟田1丁目242-42","","","","","36.5110729400","136.6108144000","","1303171231","","","","",""
"207","57","都市公園","粟田パンダ公園","あわだぱんだこうえん","粟田3丁目83","","","","","36.5148425800","136.6131941000","","1179296985","","","","",""
"208","57","都市公園","粟田2号緑地","あわだにごうりょくち","粟田3丁目149","","","","","36.5161624700","136.6146939000","","1303171243","","","","",""
"209","57","都市公園","粟田東公園","あわだひがしこうえん","粟田3丁目353","","","","","36.5168423900","136.6146938000","","1179296985","","","","",""
"210","57","都市公園","粟田北公園","あわだきたこうえん","粟田3丁目459","","","","","36.5182322500","136.6148238000","","1179296985","","","","",""
"211","57","都市公園","下林1号緑地","しもばやしいちごうりょくち","下林4丁目296","","","","","36.5240514300","136.6039044000","","1303171263","","","","",""
"212","57","都市公園","下林2号緑地","しもばやしにごうりょくち","下林4丁目71","","","","","36.5216916600","136.6022446000","","1303171271","","","","",""
"213","57","都市公園","下林3号緑地","しもばやしさんごうりょくち","下林4丁目7","","","","","36.5214116700","136.6014647000","","1303171281","","","","",""
"214","57","都市公園","藤平田1号緑地","とへいだいちごうりょくち","藤平田2丁目75","","","","","36.5215517500","136.6068243000","","1303171294","","","","",""
"215","57","都市公園","清金公園","きよかねこうえん","清金3丁目124","","","","","36.5199017200","136.5951253000","","1179296985","","","","",""
"216","57","都市公園","白山1号緑地","はくさんいちごうりょくち","白山町16-4","","","","","36.5263113000","136.6100738000","","1303171310","","","","",""
"217","57","都市公園","太平寺東公園","たへいじひがしこうえん","太平寺1丁目311","","","","","36.5264112100","136.6056341000","","1179296986","","","","トイレ有り",""
"218","57","都市公園","太平寺西公園","たへいじにしこうえん","太平寺2丁目219","","","","","36.5277910200","136.6033243000","","1179296986","","","","トイレ有り",""
"219","57","都市公園","太平寺1号緑地","たへいじいちごうりょくち","太平寺3丁目102","","","","","36.5302207700","136.6036241000","","1303171329","","","","",""
"220","57","都市公園","柳町1号緑地","やなぎまちいちごうりょくち","柳町144-2","","","","","36.5270307400","136.5822061000","","1303171338","","","","",""
"221","57","都市公園","扇が丘東公園","おうぎがおかひがしこうえん","扇が丘507","","","","","36.5262216200","136.6279523000","","1179296986","","","","",""
"222","57","都市公園","扇が丘1号緑地","おうぎがおかいちごうりょくち","扇が丘177-17","","","","","36.5266115300","136.6250725000","","1303171351","","","","",""
"223","57","都市公園","扇が丘2号緑地","おうぎがおかにごうりょくち","扇が丘64-2","","","","","36.5253216300","136.6228228000","","1303171359","","","","",""
"224","57","都市公園","徳用南公園","とくもとみなみこうえん","徳用町521","","","","","36.5336301800","136.5907351000","","1179296986","","","","",""
"225","57","都市公園","三日市万葉台南公園","みっかいちまんようだいみなみこうえん","三日市町390-1","","","","","36.5329704000","136.5994544000","","1179296986","","","","",""
"226","57","都市公園","三日市万葉台中公園","みっかいちまんようだいなかこうえん","三日市町290-11","","","","","36.5335103300","136.5989344000","","1179296986","","","","",""
"227","57","都市公園","三日市万葉台北公園","みっかいちまんようだいきたこうえん","三日市町271-10","","","","","36.5348301900","136.5987743000","","1179296986","","","","",""
"228","57","都市公園","押越北公園","おしこしきたこうえん","押越2丁目237","","","","","36.5401898100","136.6096032000","","1179296986","","","","",""
"230","57","都市公園","北横宮公園","きたよこみやこうえん","横宮町30","","","","","36.5346205000","136.6152930000","","1179296986","","","","",""
"231","57","都市公園","あすなろ公園","あすなろこうえん","御経塚5丁目83","","","","","36.5456390900","136.6021536000","","1179296986","","","","",""
"232","57","都市公園","本町若葉台公園","ほんまちわかばだいこうえん","本町1丁目5-53","","","","","36.5369903700","136.6223323000","","1179911518","","","","",""
"233","57","都市公園","本町1丁目1号緑地","ほんまちいっちょうめいちごうりょくち","本町1丁目1-54","","","","","36.5379902500","136.6217823000","","1303171460","","","","",""
"234","57","都市公園","粟田3号緑地","あわたさんごうりょくち","粟田3丁目250","","","","","36.5164924000","136.6127940000","","1303171470","","","","",""
"235","57","都市公園","二日市1号緑地","ふつかいちいちごうりょくち","二日市町560-4","","","","","36.5407296100","136.6014838000","","1303171480","","","","",""
"237","57","都市公園","本町6丁目1号緑地","ほんまちろくちょうめいちごうりょくち","本町6丁目86-4","","","","","36.5340804300","136.6077436000","","1303171503","","","","",""
"238","57","都市公園","下林4号緑地","しもばやしよんごうりょくち","下林4丁目247-1","","","","","36.5215417400","136.6060643000","","1303171512","","","","",""
"239","57","都市公園","野々市中央公園","ののいちちゅうおうこうえん","下林3丁目100","","","","","36.5245212900","136.5987748000","","1179912384","","","","トイレ有り",""
"240","57","都市公園","矢作諏訪公園","やはぎすわこうえん","矢作1丁目177","","","","","36.5209519300","136.6131038000","","1179296986","","","","",""
"241","57","都市公園","矢作西城公園","やはぎにししろこうえん","矢作3丁目35","","","","","36.5239415800","136.6116438000","","1179296986","","","","",""
"242","57","都市公園","下林さくら公園","しもばやしさくらこうえん","下林4丁目508-1","","","","","36.5229215400","136.6031245000","","1179296986","","","","トイレ有り",""
"243","57","都市公園","位川公園","くらいがわこうえん","位川288","","","","","36.5251113600","136.6062242000","","1179296986","","","","",""
"244","57","都市公園","三納公園","さんのうこうえん","三納3丁目130","","","","","36.5241315500","136.6108738000","","1179296986","","","","",""
"245","57","都市公園","末松廃寺跡公園","すえまつはいじあとこうえん","末松2丁目247","","","","","36.5079229100","136.5895763000","","1179296986","","","","トイレ有り",""
"246","57","都市公園","野代公園","のしろこうえん","野代3丁目59","","","","","36.5414695700","136.6037036000","","1179296986","","","","トイレ有り",""
"247","57","都市公園","野代1号緑地","のしろいちごうりょくち","野代1丁目19","","","","","36.5379799400","136.6039738000","","1303171611","","","","",""
"248","57","都市公園","みその公園","みそのこうえん","稲荷4丁目157","","","","","36.5367301000","136.6054037000","","1179296986","","","","",""
"249","57","都市公園","稲荷公園","いなりこうえん","稲荷2丁目104","","","","","36.5341403100","136.6015441000","","1179296986","","","","トイレ有り",""
"250","57","都市公園","稲荷北公園","いなりきたこうえん","稲荷3丁目78","","","","","36.5358601000","136.6000742000","","1179296986","","","","",""
"251","57","都市公園","押越公園","おしこしこうえん","押越1丁目160","","","","","36.5383000000","136.6089233000","","1179296986","","","","トイレ有り",""
"252","57","都市公園","矢作1号緑地","やはぎいちごうりょくち","矢作3丁目56","","","","","36.5244415400","136.6122037000","","1303171637","","","","",""
"253","57","都市公園","矢作2号緑地","やはぎにごうりょくち","矢作3丁目135-5","","","","","36.5258014200","136.6136635000","","1303171646","","","","",""
"254","57","都市公園","御経塚東公園","おきょうづかひがしこうえん","御経塚5丁目84","","","","","36.5458990700","136.6024935000","","1179296986","","","","トイレ有り",""
"255","57","都市公園","押野西公園","おしのにしこうえん","押野1丁目40","","","","","36.5416597000","136.6127029000","","1179296986","","","","トイレ有り",""
"256","57","都市公園","押野東公園","おしのひがしこうえん","押野5丁目120","","","","","36.5442195600","136.6204621000","","1179296986","","","","",""
"257","57","都市公園","押野南公園","おしのみなみこうえん","押野3丁目166","","","","","36.5395500200","136.6181725000","","1179296986","","","","",""
"258","57","都市公園","押野中央公園","おしのちゅうこうこうえん","押野1丁目339","","","","","36.5440095300","136.6170724000","","1179296986","","","","トイレ有り",""
"259","57","都市公園","押野北公園","おしのきたこうえん","押野1丁目50","","","","","36.5441894400","136.6129327000","","1179296986","","","","",""
"260","57","都市公園","徳用1号緑地","とくもといちごうりょくち","徳用町676","","","","","36.5343601500","136.5933248000","","1303171686","","","","",""
"261","57","都市公園","御経塚史跡公園","おきょうづかしせきこうえん","御経塚1丁目549","","","","","36.5464189500","136.5987738000","","1179296986","","","","",""
"262","57","都市公園","住吉1号緑地","すみよしいちごうりょくち","住吉町31-6","","","","","36.5248815800","136.6171933000","","1303171699","","","","",""
"263","57","都市公園","本町やまいろ公園","ほんまちやまいろこうえん","本町6丁目466","","","","","36.5346103400","136.6057238000","","1179296986","","","","",""
"264","57","都市公園","若松ちから石公園","わかまつちからいしこうえん","若松町674","","","","","36.5370602000","136.6127631000","","1179296986","","","","",""
"265","57","都市公園","馬渡公園","まわたりこうえん","押野4丁目329","","","","","36.5397200600","136.6214122000","","1179296986","","","","",""
"266","57","都市公園","せせらぎ公園","せせらぎこうえん","高橋町155-1","","","","","36.5303011500","136.6257923000","","1179296986","","","","",""
"267","57","都市公園","つばき公園","つばきこうえん","本町6丁目462","","","","","36.5346903400","136.6065537000","","1179296986","","","","",""
"268","57","都市公園","堀の内公園","ほりのうちこうえん","堀内2丁目179","","","","","36.5288208300","136.5983646000","","1179296986","","","","トイレ有り",""
"270","57","都市公園","新庄3号緑地","しんじょうさんごうりょくち","新庄2丁目239-14","","","","","36.5010640100","136.6108549000","","1303171740","","","","",""
"271","57","都市公園","たかはし公園","たかはしこうえん","高橋町401","","","","","36.5326109100","136.6265721000","","1179296986","","","","",""
"272","57","都市公園","すみよし公園","すみよしこうえん","住吉町297-1","","","","","36.5271014100","136.6213228000","","1179296986","","","","",""
"273","57","都市公園","中林太陽公園","なかばやしたいようこうえん","中林1丁目395","","","","","36.5088731100","136.6071248000","","1303171762","","","","",""
"274","57","都市公園","下林5号緑地","しもばやしごごうりょくち","下林4丁目119-5","","","","","36.5213917100","136.6032146000","","1303171771","","","","",""
"275","57","都市公園","かわいぐち公園","かわいぐちこうえん","白山町449","","","","","36.5291010400","136.6123435000","","1179296986","","","","",""
"276","57","都市公園","ろくらぐち公園","ろくらぐちこうえん","白山町450","","","","","36.5274412000","136.6114336000","","1179296986","","","","",""
"277","57","都市公園","野々市南部公園","ののいちなんぶこうえん","上林4丁目665","","","","","36.5035636400","136.6050752000","","1179296986","","","","トイレ有り",""
"278","57","都市公園","長池公園（陽の広場）","ながいけこうえん（ひのひろば）","長池294","","","","","36.5419493600","136.5948243000","","1179296986","","","","",""
"279","57","都市公園","菅原1号緑地","すがはらいちごうりょくち","菅原町11-54","","","","","36.5292810800","136.6155732000","","1303171803","","","","",""
"280","57","都市公園","御経塚あやめ公園（木の広場）","おきょうづかあやめこうえん（きのひろば）","御経塚3丁目520","","","","","36.5525582400","136.5958038000","","1179296986","","","","",""
"281","57","都市公園","本町1丁目2号緑地","ほんまちいっちょうめにごうりょくち","本町1丁目147","","","","","36.5346305700","136.6191326000","","1303171821","","","","",""
"282","57","都市公園","野々市駅北口緑地（石の広場）","ののいちえききたぐちりょくち（いしのひろば）","二日市1丁目123","","","","","36.5426093500","136.5983840000","","1303171832","","","","",""
"283","57","都市公園","御経塚公園（風の広場）","おきょうづかこうえん（かぜのひろば）","御経塚1丁目550","","","","","36.5445191100","136.5963741000","","1179296986","","","","",""
"284","57","都市公園","経塚公園（泉の広場）","きょうづかこうえん（いずみのひろば）","御経塚2丁目334","","","","","36.5482687100","136.5964239000","","1179296986","","","","",""
"285","57","都市公園","木呂川１号緑地","ころがわいちごうりょくち","新庄2丁目820","","","","","36.4990541700","136.6076052000","","1179296986","","","","",""
"286","57","都市公園","木呂川2号緑地","ころがわにごうりょくち","新庄6丁目443","","","","","36.5082132200","136.6092347000","","1303171879","","","","",""
"287","57","都市公園","扇が丘ホタルの里公園","おうぎがおかほたるのさとこうえん","扇が丘747","","","","","36.5248117000","136.6240527000","","1179296986","","","","",""
"288","57","都市公園","本町北公園","ほんまちきたこうえん","本町1丁目4-102","","","","","36.5382002700","136.6238521000","","1303171895","","","","",""
"289","57","都市公園","末松ふれあい公園","すえまつふれあいこうえん","末松2丁目1039","","","","","36.5030734800","136.5923963000","","1179296986","","","","",""
"290","57","都市公園","末松1号緑地","すえまついちごうりょくち","末松2丁目870","","","","","36.5053932100","136.5912463000","","1303171913","","","","",""
"291","57","都市公園","矢作3号緑地","やはぎさんごうりょくち","矢作2丁目5-35","","","","","36.5188921100","136.6112340000","","1303171959","","","","",""
"292","57","都市公園","下林6号緑地","しもばやしろくごうりょくち","下林4丁目182","","","","","36.5218016900","136.6047444000","","1303171969","","","","",""
"293","57","都市公園","馬場川1号緑地","ばばがわいちごうりょくち","御経塚3丁目521","","","","","36.5506484500","136.5962038000","","1303171975","","","","",""
"294","57","都市公園","馬場川2号緑地","ばばがわにごうりょくち","御経塚1丁目551","","","","","36.5451690400","136.5965040000","","1303171985","","","","",""
"295","57","都市公園","末松2号緑地","すえまつにごうりょくち","末松2丁目1042","","","","","36.5034134600","136.5936962000","","1303171993","","","","",""
"296","57","都市公園","粟田4号緑地","あわだよんごうりょくち","粟田2丁目177-3","","","","","36.5121928300","136.6111043000","","1303172000","","","","",""
"297","57","都市公園","本町6丁目2号緑地","ほんまちろくちょうめにごうりょくち","本町6丁目110-48","","","","","36.5374400600","136.6071835000","","1303172010","","","","",""
"298","57","都市公園","扇が丘3号緑地","おうぎがおかさんごうりょくち","扇が丘911","","","","","36.5244717900","136.6269925000","","1303172018","","","","",""
"299","57","都市公園","扇が丘4号緑地","おうぎがおかよんごうりょくち","扇が丘828","","","","","36.5253716900","136.6264325000","","1303172053","","","","",""
"300","57","都市公園","扇が丘5号緑地","おうぎがおかごごうりょくち","扇が丘720","","","","","36.5256316000","136.6233227000","","1303172060","","","","",""
"301","57","都市公園","扇が丘6号緑地","おうぎがおかろくごうりょくち","扇が丘702","","","","","36.5261215500","136.6231027000","","1303172068","","","","",""
"302","57","都市公園","若松2号緑地","わかまつにごうりょくち","若松町83-10","","","","","36.5360103000","136.6120732000","","1303172075","","","","",""
"303","57","都市公園","野々市交通公園","ののいちこうつうこうえん","菅原町4","","","","","36.5301309800","136.6150032000","","1179296986","","","","トイレ有り",""
"304","57","都市公園","あらみや公園","あらみやこうえん","三納1丁目2","","","","","36.5188620900","136.6095642000","","1179296986","","","","トイレ有り",""
"305","57","都市公園","横宮緑地","よこみやりょくち","横宮町67-5","","","","","36.5359003900","136.6168128000","","1179296986","","","","",""
"10893","57","都市公園","本町2丁目1号緑地","ほんまちにちょうめいちごうりょくち","野々市市本町2丁目85-5","","","","","36.5314717700","136.6195822000","","1383212224","","","","　",""
"10894","57","都市公園","工大前駅緑地","こうだいまええきりょくち","野々市市本町2丁目235-1","","","","","36.5323403300","136.6215241000","","1383212301","","","","　",""
"10895","57","都市公園","太平寺2号緑地","たへいじにごうりょくち","野々市市太平寺3丁目149-37","","","","","36.5320580000","136.6058359000","","1383212353","","","","　",""
"10896","57","都市公園","矢作4号緑地","やはぎよんごうりょくち","矢作4丁目45-28","","","","","36.5241619500","136.6144739000","","1383212412","","","","　",""
"10897","57","都市公園","ひまわり公園","ひまわりこうえん","野々市市藤平田1丁目477","","","","","36.5167070000","136.6076303000","","1383212470","","","","　",""
"10898","57","都市公園","粟田西公園","あわだにしこうえん","野々市市粟田5丁目303","","","","","36.5123567800","136.6100711000","","1383212521","","","","　",""
"10899","57","都市公園","菅原2号緑地","すがはらにごうりょくち","野々市市菅原町138-24","","","","","36.5286785400","136.6171843000","","1383212601","","","","　",""
"10900","57","都市公園","よつば公園","よつばこうえん","野々市市藤平田1丁目272","","","","","36.5198067600","136.6053718000","","1383212660","","","","　",""
"10901","57","都市公園","粟田6号緑地","あわだろくごうりょくち","野々市市粟田5丁目412","","","","","36.5157197100","136.6102910000","","1383212703","","","","　",""
"10902","57","都市公園","矢作5号緑地","やはぎごごうりょくち","野々市市矢作4丁目32-31","","","","","36.5232469600","136.6148132000","","1383212742","","","","　",""
"10903","57","都市公園","堀内東公園","ほりうちひがしこうえん","野々市市堀内4丁目143","","","","","36.5304006100","136.6020781000","","1383212797","","","","トイレ有り",""
"7005","261","街頭端末設置施設","市立図書館","しりつとしょかん","野々市市本町2-14-6","","248-8099","","","36.5323080000","136.6184240000","","1270019598","","","","",""
"7006","261","街頭端末設置施設","中央児童館","ちゅうおうじどうかん","野々市市矢作3-1-2","","248-5325","","","36.5235314787","136.6118091345","","1384829717","","","","",""
"7008","261","街頭端末設置施設","本町児童館","ほんまちじどうかん","野々市市本町3-10-12","","246-3881","","","36.5320420000","136.6173930000","","1270019632","","","","",""
"7009","261","街頭端末設置施設","押野児童館","おしのじどうかん","野々市市押野3-115","","248-9666","","","36.5420100000","136.6179380000","","1270019651","","","","",""
"7713","291","AED設置施設","野々市市役所・情報交流館カメリア","ののいちしやくしょ・じょうほうこうりゅうかんかめりあ","石川県野々市市三納1丁目1番地","","076-227-6000","076-227-6190","","36.5255015410","136.6074371338","","1418186130","","","","http://gm.nono1.jp/uploads/thumbs/67.jpg",""
"7717","291","AED設置施設","保健センター","ほけんせんたー","野々市市三納500-1","","076-248-3511","076-248-7771","","36.5238115800","136.6108138000","","1320656081","8:30〜17:15　","土・日・祝・年末年始","","",""
"7714","291","AED設置施設","文化会館（フォルテ）","ぶんかかいかんふぉるて","野々市市本町5-4-1","","076-248-8000","076-246-2391","","36.5320106500","136.6078137000","","1320656096","9:00〜22:00
・受付時間は9:00〜17:00","第1.3水・祝翌日・年末年始","","",""
"10922","291","AED設置施設","ふるさと歴史館・埋蔵文化財収蔵庫_","ふるさとれきしかんまいぞうぶんかざいしゅうぞうこ","野々市市御経塚1-182","","076-246-0133","076-294-1816","","36.5459090200","136.5997537000","","1419207786","","","","",""
"7715","291","AED設置施設","市民体育館","しみんたいいくかん","野々市市下林3-97","","076-248-1223","076-248-1254","","36.5257411800","136.5995247000","","1320656129","月13:00〜21:30　 　火-土9:00〜21:30 　日・祝9:00〜17:00","","","バスケットボール・卓球・バドミントンほか",""
"7716","291","AED設置施設","スポーツランド","すぽーつらんど","野々市市中林5-1-1","","076-294-5800","076-294-5801","","36.5125127000","136.6060148000","","1320656212","●プール　月-土10:00?21:00 　　日・祝10:00?17:00 　●テニスコート（4月?10月） 　　月?土日の出?21:00 　　日・祝日の出?日没 　●さわやかホール　 ※夜間照明は4月から10月まで 　　月?土9:00?21:00 　　日・祝9:00?17:00 ","毎週火・年末年始","","",""
"7718","291","AED設置施設","スポーツセンター","すぽーつせんたー","野々市市押野2-30","","076-294-5511","076-294-5811","","36.5407397900","136.6121729000","","1320656252","月・水?土9:00?21:30 　火13:00?21:30 　日・祝9:00?17:00","","","バスケットボール・卓球・バドミントンほか",""
"7719","291","AED設置施設","武道館","ぶどうかん","野々市市位川183","","076-248-1223","","","36.5251713900","136.6080240000","","1320656273","月?土9:00?21:30 日・祝9:00?17:00","","","連絡先は市民体育館&lt;br /&gt;・柔道・剣道",""
"7720","291","AED設置施設","野々市小学校","ののいちしょうがっこう","野々市市本町5-3-1","","076-248-0084","076-294-2510","","36.5319906800","136.6092836000","","1257056325","","","","",""
"7721","291","AED設置施設","御園小学校","みそのしょうがっこう","野々市市稲荷4-128","","076-248-3201","076-294-5463","","36.5377199800","136.6045637000","","1257055656","","","","",""
"7722","291","AED設置施設","菅原小学校","すがはらしょうがっこう","野々市市菅原20-1","","076-246-6066","076-294-2512","","36.5254414900","136.6159433000","","1257055312","","","","",""
"7723","291","AED設置施設","富陽小学校","ふようしょうがっこう","野々市市中林5-70","","076-246-4380","076-294-5449","","36.5131326000","136.6040249000","","1257055294","","","","",""
"7724","291","AED設置施設","館野小学校","たちのしょうがっこう","野々市市押野3-71","","076-248-0622","076-294-2518","","36.5406698900","136.6171825000","","1257055278","","","","",""
"7725","291","AED設置施設","野々市中学校","ののいちちゅうがっこう","野々市市三納300","","076-246-0115","076-294-5427","","36.5246814400","136.6084340000","","1257055241","","","","",""
"7726","291","AED設置施設","布水中学校","ふすいちゅうがっこう","野々市市押野2-100","","076-248-0039","076-294-5419","","36.5388899900","136.6124430000","","1257055263","","","","",""
"7727","291","AED設置施設","中央保育園","ちゅうおうほいくえん","野々市市本町3-2-22","","076-248-0240","","","36.5329308500","136.6178066000","","1320656289","平日7:00?19:00、土曜7:00?18:00","","","",""
"7728","291","AED設置施設","富奥保育園","とみおくほいくえん","野々市市中林5-30","","076-248-0828","","","36.5107928600","136.6046549000","","1320655940","平日7:15〜19:00、土曜7:15〜18:00","","","",""
"7729","291","AED設置施設","押野保育園","おしのほいくえん","野々市市押野3-115","","076-248-0343","","","36.5419597600","136.6180224000","","1320655966","平日7:15〜19:00、土曜7:15〜18:00","","","",""
"7730","291","AED設置施設","御経塚保育園","おきょうづかほいくえん","野々市市御経塚1-288","","076-248-0181","","","36.5439892000","136.5984239000","","1320655987","平日7:15〜19:00、土曜7:15〜18:00","","","",""
"7731","291","AED設置施設","本町児童館","ほんまちじどうかん","野々市市本町3-10-12","","076-246-3881","","","36.5320508100","136.6173929000","","1367909156","3月~10月は10:00~18:00　11月~2月は9:30~17:30","日曜・祝日・年末年始","","",""
"7733","291","AED設置施設","あすなろ保育園","あすなろほいくえん","野々市市御経塚5-30","","076-246-0211","","","36.5444192100","136.6013537000","","1320656019","平日7:15〜19:00、土曜7:15〜18:00","","","",""
"7734","291","AED設置施設","子育て支援センター菅原","こそだてしえんせんたーすがはら","野々市市菅原8-33","","076-248-4634","","","36.5285111700","136.6161832000","","1320656030","8:15〜17:45 ","日・祝・年末年始","","病後児保育",""
"7736","291","AED設置施設","老人福祉センター椿荘","ろうじんふくしせんたーつばきそう","野々市市矢作3-1-2","","076-246-5570","","","36.5232716500","136.6114138000","","1320656307","9:00?17:00","第１、３、５日曜・第２、４月曜・敬老の日を除く祝・8/15・年末年始 ","","送迎バス有り（木・土はバス・風呂休み）",""
"7737","291","AED設置施設","デイサービスセンター","でいさーびすせんたー","野々市市矢作3-3","","076-248-9900","076-248-9901","","36.5234516400","136.6122537000","","1320656323","9：00?16：00
延長希望がある場合は(7:30?18:00)　 ","日・年末年始","","",""
"7738","291","AED設置施設","いきがいセンター御経塚","いきがいせんたーおきょうづか","野々市市御経塚1-38","","076-248-2231","076-248-2441","","36.5429393300","136.5993939000","","1320656340","9:00?16:00 ","土・日・祝・年末年始","","",""
"7739","291","AED設置施設","いきがいセンター矢作","いきがいせんたーやはぎ","野々市市矢作3-2-10","","076-246-2007","076-246-2004","","36.5234116400","136.6120738000","","1320656354","9:00?16:00 ","土・日・祝・年末年始","","",""
"7740","291","AED設置施設","特別養護老人ホーム富樫苑","とくべつようごろうじんほーむとがしえん","野々市市中林4-62","","076-248-8765","076-248-8766","","36.5160222200","136.6000751000","","1320656369","24時間体制
・面会8:00?20:00","","","",""
"7741","291","AED設置施設","市立図書館","しりつとしょかん","野々市市本町2-14-6","","076-248-8099","076-248-8175","","36.5323308000","136.6184028000","","1320656386","10：00?19：00
土・日は17：00まで　 ","毎週月・祝・年末年始　 ","","",""
"7742","291","AED設置施設","交遊舎","こうゆうしゃ","野々市市二日市1-2","","076-294-8166","","","36.5423893800","136.5986340000","","1320656400","9:00?22:00　 ","第2、4水・祝日にあたる時はその翌日、年末年始","","",""
"7743","291","AED設置施設","中央公民館（野々市公民館）","ちゅうおうこうみんかんののいちこみんかん","野々市市本町2-1-20","","076-248-0521","076-248-3649","","36.5327507600","136.6184328000","","1320656416","9:00?22:00 ","毎週月・祝・年末年始","","",""
"7744","291","AED設置施設","富奥公民館","とみおくこうみんかん","野々市市中林5-3","","076-248-0829","076-248-1306","","36.5120027400","136.6052048000","","1320656427","9:00?22:00　 ","毎週月・祝・年末年始","","",""
"7745","291","AED設置施設","郷公民館","ごうこうみんかん","野々市市田尻町94","","076-248-0250","076-248-0250","","36.5319904500","136.5960247000","","1320656438","9:00?22:00　 ","毎週月・祝・年末年始","","",""
"7746","291","AED設置施設","押野公民館","おしのこうみんかん","野々市市押野3-70","","076-248-2839","076-248-2839","","36.5408198600","136.6164026000","","1320656451","9:00?22:00　 ","毎週月・祝・年末年始","","",""
"7747","291","AED設置施設","女性センター（Ｌ）","じょせいせんたーえる","野々市市稲荷4-155","","076-246-0810","076-246-6722","","36.5367700900","136.6047937000","","1320656461","9:00?22:00　 ","毎週月・祝・年末年始","","",""
"10194","291","AED設置施設","野々市市消防団第1分団格納庫","ののいちししょうぼうだんだい1ぶんだんかくのうこ","野々市市本町2丁目17番10号","","076-248-0558","","","36.5312088300","136.6203734000","","1339654409","","","","救助用資器材搭載車に設置",""
"10195","291","AED設置施設","野々市市消防団第2分団格納庫","ののいちししょうぼうだんだい2ぶんだんかくのうこ","野々市市中林5丁目30番地1","","076-246-1422","","","36.5112336200","136.6048515000","","1339656600","","","","消防ポンプ車に設置",""
"10196","291","AED設置施設","野々市市消防団第3分団格納庫","ののいちししょうぼうだんだい3ぶんだんかくのうこ","野々市市田尻町94番地","","076-248-1553","","","36.5319998000","136.5958822000","","1339656618","","","","消防ポンプ車に設置",""
"10197","291","AED設置施設","野々市市消防団第4分団格納庫","ののいしちしょうぼうだんだい4ぶんだんかくのうこ","野々市市押野2丁目313番地2","","076-246-1423","","","36.5408249300","136.6110876000","","1339656631","","","","消防ポンプ車に設置",""
"76","291","AED設置施設","第1つばきクラブ・第2つばきクラブ","だいいちつばきくらぶ・だいにつばきくらぶ","野々市市本町4-21-17","","076-248-8241","","","36.5307993400","136.6107711000","","1339652785","","","","学童クラブ。学校区：野々市。野々市市子ども学習館内",""
"7337","291","AED設置施設","第1きのこクラブ・第2きのこクラブ","だいいちきのこくらぶ・だいにきのこくらぶ","野々市市本町6-8-42","","（代表）076-248-5120","","","36.5353702600","136.6059537000","","1339652769","","","","学童クラブ。学校区御園。旧ＪＡマートののいち （第１）０７６?２４８?５１２０　（第２）０７６?２４８?５１２５",""
"73","291","AED設置施設","第1すがはらクラブ・第2すがはらクラブ","だいいちすがはらくらぶ・だいにすがはらくらぶ","野々市市菅原町8-33","","076-294-1919","","","36.5285511700","136.6161832000","","1339652760","","","","学童クラブ。学校区：菅原。子育て支援センター菅原内",""
"77","291","AED設置施設","第1たちのクラブ・第2たちのクラブ","だいいちたちのくらぶ・だいにたちのくらぶ","野々市市押野1-10-1","","（代表）076-248-7011","","","36.5434395000","136.6120728000","","1339652752","","","","学童クラブ。学校区館野。旧ＪＡ押野支所 （第１）０７６?２４８?７０１１　（第２）０７６?２２９?７５５４",""
"74","291","AED設置施設","こうさぎクラブ","こうさぎくらぶ","野々市市中林1-2-7","","076-248-7800","","","36.5106629000","136.6061248000","","1339652745","","","","学童クラブ。学校区：富陽",""
"9831","304","温泉スタンド","野々市市温泉スタンド","ののいちしおんせんすたんど","野々市市田尻町96番地14","","","","","36.5318672583","136.5953873098","","1417412278","9:00?20:00","","100リットル100円","泉質：ナトリウム-塩化物泉 泉温：37.6度（気温7.8度） 涌出量：250リットル/分（最大）",""
"7711","321","拠点避難所","野々市小学校","ののいちしょうがっこう","野々市市本町5-3-1","","076-248-0084","076-294-2510","","36.5319906800","136.6092836000","http://education.city.nonoichi.ishikawa.jp/nonoichisyo/","1369987294","","","","面積９９０平方メートル 収容人員３９０人 本町４丁目、本町５丁目、白山町、太平寺",""
"168","321","拠点避難所","御園小学校","みそのしょうがっこう","野々市市稲荷4-128","","076-248-3201","076-294-5463","","36.5376699900","136.6045637000","http://education.city.nonoichi.ishikawa.jp/misonosyo/","1370056202","","","","面積810平方メートル 収容人員320人 稲荷、三日市町、三日市新町、二日市町、徳用町、長池、郷町、野代、御経塚、あやめ、あすなろ団地",""
"169","321","拠点避難所","菅原小学校","すがはらしょうがっこう","野々市市菅原20-1","","076-246-6066","076-294-2512","","36.5253815000","136.6159633000","http://education.city.nonoichi.ishikawa.jp/sugaharasyo/","1370056356","","","","面積930平方メートル 収容人員370人 本町３丁目、住吉町、菅原町、菅原団地",""
"170","321","拠点避難所","富陽小学校","ふようしょうがっこう","野々市市中林5-70","","076-246-4380","076-294-5449","","36.5130826100","136.6040249000","http://education.city.nonoichi.ishikawa.jp/fuyousyo/","1370056500","","","","面積950平方メートル 収容人員380人 中林丸の内、藤平、新庄、粟田",""
"171","321","拠点避難所","館野小学校","たちのしょうがっこう","野々市市押野3-71","","076-248-0622","076-294-2518","","36.5406198900","136.6171925000","http://education.city.nonoichi.ishikawa.jp/tachinosyo/","1370056657","","","","面積780平方メートル 収容人員310人 本町１丁目、本町１丁目県住、横宮町、押野、丸木",""
"172","321","拠点避難所","野々市中学校","ののいちちゅうがっこう","野々市市三納３丁目１","","076-246-0115","076-294-5427","","36.5246214500","136.6084340000","http://education.city.nonoichi.ishikawa.jp/nonoichityu/","1370056841","","","","面積1200平方メートル 収容人員480人 三納、位川、藤平田、藤平田２丁目、矢作",""
"173","321","拠点避難所","布水中学校","ふすいちゅうがっこう","野々市市押野2-100","","076-248-0039","076-294-5419","","36.5388400000","136.6124430000","http://education.city.nonoichi.ishikawa.jp/fusuityu/","1370056987","","","","面積860平方メートル 収容人員340人 本町６丁目、若松町、押越",""
"10840","321","拠点避難所","金沢工業大学","かなざわこうぎょうだいがく","野々市市扇が丘7-1","","076-248-1100","","","36.5288725200","136.6269851000","http://www.kanazawa-it.ac.jp/","1370057342","","","","面積2170平方メートル 収容人員860人 本町２丁目、高橋町、扇が丘",""
"10841","321","拠点避難所","石川県立大学","いしかわけんりつだいがく","野々市市末松１丁目308","","076-227-7220","","","36.5074199200","136.5971267000","http://www.ishikawa-pu.ac.jp/","1370057550","","","","面積920平方メートル 収容人員360人 上林、中林、末松、清金",""
"10842","321","拠点避難所","野々市明倫高校","ののいちめいりんこうこう","野々市市下林３丁目309","","076-246-3191","","","36.5258334700","136.6008121000","http://www.ishikawa-c.ed.jp/~meirih/","1370057778","","","","面積2450平方メートル 収容人員980人 下林、清金３丁目、堀内、堀内新町、田尻町、蓮花寺町、柳町",""
"178","322","予備避難所","市民体育館","しみんたいいくかん","野々市市下林3丁目97","","076-248-1223","076-248-1254","","36.5256811800","136.5995347000","","1370058110","","","","面積1460平方メートル 収容人員580人 災害の規模に応じて開設する予備的な避難所であり、避難者は、拠点避難所から二次的に避難する。",""
"179","322","予備避難所","スポーツセンター","すぽーつせんたー","野々市市押野2丁目30","","076-294-5511","076-294-5811","","36.5406798000","136.6121829000","","1370058231","","","","面積1480平方メートル 収容人員590人 災害の規模に応じて開設する予備的な避難所であり、避難者は、拠点避難所から二次的に避難する。",""
"186","322","予備避難所","交遊舎","こうゆうしゃ","野々市市二日市1丁目2","","076-294-8166","","","36.5423193900","136.5986340000","","1370058296","","","","面積260平方メートル 収容人員100人 災害の規模に応じて開設する予備的な避難所であり、避難者は、拠点避難所から二次的に避難する。",""
"174","322","予備避難所","中央公民館(野々市公民館)","ちゅうおうこうみんかんののいちこうみんかん","野々市市本町2丁目1-20","","076-248-0521","076-248-3649","","36.5326807600","136.6184228000","","1370241608","","","","面積290平方メートル 収容人員110人 災害の規模に応じて開設する予備的な避難所であり、避難者は、拠点避難所から二次的に避難する。",""
"10914","322","予備避難所","富奥コミュニティセンター","とみおくこみゅにてぃせんたー","石川県野々市市中林5丁目3番地22","921-8834","076-248-0829","","","36.5120592878","136.6052269936","","1403856492","","","","構造／鉄筋コンクリート造一部鉄骨造２階建&lt;br /&gt;敷地面積／約4960平方メートル＋飛地面積部分約240平方メートル&lt;br /&gt;延床面積／1462.76平方メートル",""
"177","322","予備避難所","郷公民館","ごうこうみんかん","野々市市田尻町94","","076-248-0250","076-248-0250","","36.5319604500","136.5960247000","","1370058455","","","","面積120平方メートル 収容人員40人 災害の規模に応じて開設する予備的な避難所であり、避難者は、拠点避難所から二次的に避難する。",""
"10843","322","予備避難所","押野公民館","おしのこうみんかん","野々市市押野３丁目70","","076-248-2839","","","36.5407658000","136.6164841000","","1370058703","","","","面積220平方メートル 収容人員80人 災害の規模に応じて開設する予備的な避難所であり、避難者は、拠点避難所から二次的に避難する。",""
"188","322","予備避難所","防災コミュニティセンター","ぼうさいこみゅにてぃせんたー","野々市市本町1丁目2-50","","","","","36.5379403000","136.6238221000","","1370058547","","","","面積90平方メートル 収容人員30人 災害の規模に応じて開設する予備的な避難所であり、避難者は、拠点避難所から二次的に避難する。",""
"10844","322","予備避難所","第１コミュニティ消防センター","だいいちこみゅにてぃしょうぼうせんたー","野々市市本町2-17-10","","076-248-0558","","","36.5312260800","136.6203707000","","1393548634","","","","面積120平方メートル 収容人員40人 災害の規模に応じて開設する予備的な避難所であり、避難者は、拠点避難所から二次的に避難する。",""
"10845","322","予備避難所","第２コミュニティ消防センター","だいにこみゅにてぃしょうぼうせんたー","野々市市中林５丁目30-1","","076-246-1422","","","36.5112293100","136.6048542000","","1370060489","","","","面積50平方メートル 収容人員20人 災害の規模に応じて開設する予備的な避難所であり、避難者は、拠点避難所から二次的に避難する。",""
"10846","322","予備避難所","第４コミュニティ消防防災センター","だいよんこゅにてぃしょうぼうぼうさいせんたー","野々市市押野２丁目313-2","","076-246-1423","","","36.5408723400","136.6111547000","","1370062966","","","","面積60平方メートル 収容人員20人 災害の規模に応じて開設する予備的な避難所であり、避難者は、拠点避難所から二次的に避難する。",""
"10847","322","予備避難所","文化会館フォルテ","ぶんかかいかんふぉるて","野々市市本町５丁目4-1","","076-248-8000","","","36.5318640300","136.6078395000","http://forte.nono1.jp/","1370060986","","","","面積950平方メートル 収容人員380人 災害の規模に応じて開設する予備的な避難所であり、避難者は、拠点避難所から二次的に避難する。",""
"10848","322","予備避難所","女性センター","じょせいせんたー","野々市市稲荷４丁目155","","076-246-0810","","","36.5366872700","136.6048247000","","1370060090","","","","面積230平方メートル 収容人員90人 災害の規模に応じて開設する予備的な避難所であり、避難者は、拠点避難所から二次的に避難する。",""
"10849","322","予備避難所","教育センター","きょういくせんたー","野々市市本町４丁目21-27","","076-248-8456","","","36.5299199000","136.6107321000","","1370060606","","","","面積150平方メートル 収容人員60人 災害の規模に応じて開設する予備的な避難所であり、避難者は、拠点避難所から二次的に避難する。",""
"10850","322","予備避難所","スポーツクラブ　ヴィテンののいち","すぽーつくらぶぶぃてんののいち","野々市市横宮町67-1","","076-294-3110","","","36.5352998000","136.6165844000","http://www.v10.co.jp/nonoichi/","1370061269","","","","面積3190平方メートル 収容人員1270人 災害の規模に応じて開設する予備的な避難所であり、避難者は、拠点避難所から二次的に避難する。",""
"10851","322","予備避難所","フィットネスクラブ　エイム２１","ふぃっとねすくらぶえいむにじゅういち","野々市市御経塚４丁目10","","076-240-0210","","","36.5491981000","136.6015518000","http://aim21.fitness-aim.com/","1370061352","","","","面積860平方メートル 収容人員340人 災害の規模に応じて開設する予備的な避難所であり、避難者は、拠点避難所から二次的に避難する。",""
"10910","322","予備避難所","ハイネンスマートプラザ","はいねんすまーとぷらざ","野々市市郷町112-9","921-8841 ","246-7022","","","36.5333985301","136.5879106522","","1393548669","","","","予備避難所",""
"10852","324","福祉避難所","老人福祉センター椿荘","ろうじんふくしせんたーつばきそう","野々市市矢作３丁目1-2","","076-246-5570","","","36.5234040000","136.6115348000","","1370062610","","","","避難所での集団生活が困難な高齢者など特別な配慮を必要とする者の避難所で、高齢者等は拠点避難所から必要に応じて、二次的に避難する。",""
"10853","324","福祉避難所","デイサービスセンター","でいさーびすせんたー","野々市市矢作３丁目3","","076-248-9900","","","36.5234373000","136.6122903000","","1370061725","","","","避難所での集団生活が困難な高齢者など特別な配慮を必要とする者の避難所で、高齢者等は拠点避難所から必要に応じて、二次的に避難する。",""
"10854","324","福祉避難所","いきがいセンター矢作","いきがいせんたーやはぎ","野々市市矢作３丁目2-10","","076-246-2007","","","36.5234790000","136.6120903000","","1370062055","","","","避難所での集団生活が困難な高齢者など特別な配慮を必要とする者の避難所で、高齢者等は拠点避難所から必要に応じて、二次的に避難する。",""
"10855","324","福祉避難所","いきがいセンター御経塚","いきがいせんたーおきょうづか","野々市市御経塚１丁目38","","076-248-2231","","","36.5429072000","136.5994523000","","1370062293","","","","避難所での集団生活が困難な高齢者など特別な配慮を必要とする者の避難所で、高齢者等は拠点避難所から必要に応じて、二次的に避難する。",""
"10856","324","福祉避難所","特別擁護老人ホーム富樫苑","とくべつようごろうじんほーむとがしえん","野々市市中林４丁目62","","076-248-8765","","","36.5160576000","136.6005080000","","1370062668","","","","避難所での集団生活が困難な高齢者など特別な配慮を必要とする者の避難所で、高齢者等は拠点避難所から必要に応じて、二次的に避難する。",""
"10857","324","福祉避難所","特別養護老人ホームかんじん","とくべつようごろうじんほーむかんじん","野々市市新庄２丁目45","","076-248-7767","","","36.4968101000","136.6097850000","","1370062690","","","","避難所での集団生活が困難な高齢者など特別な配慮を必要とする者の避難所で、高齢者等は拠点避難所から必要に応じて、二次的に避難する。",""
"10892","325","心療内科","野々市こころのクリニック","ののいちこころのくりにっく","野々市市二日市町1-50","","076-248-2122","076-248-2128","","36.5416826000","136.5966761000","http://www6.ocn.ne.jp/~n-heart/","1383212130","","","","心療内・内",""
"1","21","市役所","野々市市役所","ののいちしやくしょ","石川県野々市市三納1丁目1番地","","076-227-6000","076-227-6190","","36.5195320200","136.6096641000","http://www.city.nonoichi.lg.jp","1320647562","","","","http://gm.nono1.jp/uploads/thumbs/67.jpg",""
"10904","21","市役所","本町サービスコーナー","ほんまちさーびすこーなー","野々市市本町２丁目2-14-6","","076-227-6046","","","36.5322476500","136.6185334000","","1383213317","8:30〜13:00、14:00〜17:15","月、土、日、祝、年末年始","","市立図書館内&lt;br /&gt;連絡電話番号は、市民課",""
"10905","21","市役所","交遊舎サービスコーナー","こうゆうしゃさーびすこーなー","野々市市二日市1-2","","076-227-6046","","","36.5423808100","136.5987039000","","1383213335","8:30〜13:00、14:00〜17:15","交遊舎の休館日、土、日、祝、年末年始","","交遊舎内&lt;br /&gt;連絡電話番号は、市民課",""
"10906","21","市役所","保健センター","ほけんせんたー","野々市市二日市1-2","","076-248-3511","","","36.5236780500","136.6108382000","","1383213358","8:30〜17:15","土、日、祝、年末年始","","健康推進課内",""
"10907","21","市役所","消費生活センター","しょうひせいかつせんたー","野々市市三納１丁目１","","076-227-6054","","","36.5194920500","136.6093683000","","1383213373","8:30〜17:15","土、日、祝、年末年始","","市民協働課内",""
"3","16","郵便局","野々市郵便局","ののいちゆうびんきょく","野々市市本町3-16-28","921-8815","076-248-0989","","","36.5316308400","136.6165030000","","1373524257","9：00~17：00","土・日・祝・年末年始","","(開館時間)9：00~17：00　(定休日)土・日・祝・年末年始　(その他)貯金は16：00まで",""
"4","16","郵便局","富奥郵便局","とみおくゆうびんきょく","野々市市粟田1-136","","076-248-0988","","","36.5112629500","136.6127243000","","1303113723","","","","(開館時間)9：00~17：00　(定休日)土・日・祝・年末年始　(その他)貯金は16：00まで",""
"5","16","郵便局","太平寺郵便局","たへいじゆうびんきょく","野々市市太平寺4-15","","076-248-5001","","","36.5301708100","136.6057040000","","1303113733","","","","(開館時間)9：00~17：00　(定休日)土・日・祝・年末年始　(その他)貯金は16：00まで",""
"6","16","郵便局","下林郵便局","しもばやしゆうびんきょく","野々市市下林4-428","","076-227-0710","","","36.5236114500","136.6021146000","","1303113921","","","","(開館時間)9：00~17：00　(定休日)土・日・祝・年末年始　(その他)貯金は16：00まで",""
"7","16","郵便局","扇が丘郵便局","おおぎがおかゆうびんきょく","野々市市扇が丘4-12","","076-246-3400","","","36.5295812200","136.6254324000","","1303113930","","","","(開館時間)9：00~17：00　(定休日)土・日・祝・年末年始　(その他)貯金は16：00まで",""
"8","16","郵便局","押野郵便局","おしのゆうびんきょく","野々市市押野4-118　","","076-246-0650","","","36.5416198400","136.6205322000","","1303113940","","","","(開館時間)9：00~17：00　(定休日)土・日・祝・年末年始　(その他)貯金は16:00まで",""
"9","16","郵便局","野々市御園郵便局","ののいちみそのゆうびんきょく","野々市市押越2-5","","076-294-1519","","","36.5395598000","136.6053236000","","1303113950","","","","(開館時間)9：00~17：00　(定休日)土・日・祝・年末年始　(その他)貯金は16：00まで",""
"10","17","消防署","白山野々市広域事務組合野々市消防署","はくさんののいちこういきじむくみあいののいちしょうぼうしょ","野々市市本町5-17-8","","076-248-5516","","","36.5278011400","136.6098837000","http://www.hifd.jp/","1320646036","24時間体制","","","",""
"11","18","保健所・保健センター","保健センター","ほけんせんたー","野々市市三納500-1","","076-248-3511","076-248-7771","","36.5238115800","136.6108138000","","1303113970","","","","(開館時間)8：30~17：15　(定休日)土・日・祝・年末年始",""
"12","19","交番","白山警察署野々市交番","はくさんけいさつしょののいちこうばん","野々市市本町6-22-2","","076-248-0059","","","36.5331205300","136.6075137000","http://www.police.kanazawa.ishikawa.jp/_keisatusyo/MATTO/index.html","1179296961","24時間体制　","","","",""
"13","19","交番","白山警察署野々市南交番","はくさんけいさつしょののいちみなみこうばん","野々市市藤平138-1","","076-294-1500","","","36.5146524500","136.6046348000","http://www.police.kanazawa.ishikawa.jp/_keisatusyo/MATTO/index.html","1179296961","24時間体制　","","","",""
"14","20","社団法人","シルバー人材センター","しるばーじんざいせんたー","野々市市白山町8-15","","076-294-8303","076-246-7067","","36.5285810800","136.6111644000","","1303113995","8:30~17:15","土・日・祝・年末年始","","",""

